CREATE DATABASE szkola

CREATE TABLE klasa		(id_klasy INTEGER NOT NULL, 
                         nazwa CHAR(5) NULL,
                         opis CHAR(40) NULL,
                         wychowawca INTEGER NOT NULL)

CREATE TABLE nauczyciel (id_nauczyciel INTEGER NOT NULL,
                         imie CHAR(25) NULL,
                         nazwisko CHAR(30) NULL,
						 email CHAR(20) NULL,
						 telefon CHAR(10) NULL,
						 id_przedmiotu INTEGER NOT NULL)

CREATE TABLE oceny		(id_oceny INTEGER NOT NULL,
                         ocena CHAR(3) NULL,
                         id_ucznia INTEGER NOT NULL,
						 id_przedmiotu INTEGER NOT NULL)
						 
CREATE TABLE przedmiot	(id_przedmiotu INTEGER NOT NULL,
                         nazwa CHAR(30) NULL)

CREATE TABLE uczniowie	(id_ucznia INTEGER NOT NULL,
						 imie CHAR(25) NULL,
						 nazwisko CHAR(30) NULL,
						 data_ur CHAR(10) NULL,
						 adres CHAR(50) NULL,
						 telefon CHAR(10) NULL,
						 id_klasy INTEGER NOT NULL)


insert into klasa values(1, '1a', 'mat-fiz-inf', 4)
insert into klasa values(2, '1b', 'pol-his-wos', 5)
insert into klasa values(3, '2a', 'mat-fiz-inf', 6)
insert into klasa values(4, '2b', 'pol-his-wos', 7)
insert into klasa values(5, '3a', 'mat-fiz-inf', 8)
insert into klasa values(6, '3b', 'pol-his-wos', 9)


insert into nauczyciel values(1, 'Dawid', 'Galinis', 'dgalinis@em.pl', '603530493', 1)
insert into nauczyciel values(2, 'Maciej', 'Lengiel', 'mlangiel@em.pl', '606201861', 2)
insert into nauczyciel values(3, 'Paulina', 'Emerf', 'pemerf@em.pl', '604238226', 3)
insert into nauczyciel values(4, 'Sandra', 'Raczkowska', 'sraczkowska@em.pl', '600293284', 4)
insert into nauczyciel values(5, 'Zofia', 'Ralska', 'zralska@em.pl', '507651324', 5)
insert into nauczyciel values(6, 'Anna', 'Talkowska', 'atalkowska@em.pl', '609039749', 6)
insert into nauczyciel values(7, 'Stanis³aw', 'Abrosewicz', 'sabrosewicz@em.pl', '505567601', 7)
insert into nauczyciel values(8, 'Joanna', 'Itota', 'jitota@em.pl', '600295170', 8)
insert into nauczyciel values(9, 'Kinga', 'Adakowska', 'kadakowska@em.pl', '508363082', 9)
insert into nauczyciel values(10, 'Konrad', 'Chakielowicz', 'kchakielowicz@em.pl', '503064695', 10)
insert into nauczyciel values(11, 'Lena', 'Haus', 'lhaus@em.pl', '504309076', 11)
insert into nauczyciel values(12, 'Karolina', 'Nadolska', 'knadolska@em.pl', '601477954', 12)
insert into nauczyciel values(13, '£ukasz', 'Ossowski', 'lossowksi@em.pl', '605279109', 13)
insert into nauczyciel values(14, 'Maciej', 'Pachucki', 'mpachucki@em.pl', '600742234', 14)
insert into nauczyciel values(15, 'Jagoda', 'Chodkiewicz', 'jchodkiewicz@em.pl', '602742078', 1)
insert into nauczyciel values(16, 'Aleksandra', 'Irszowicz', 'airszowicz@em.pl', '501642897', 2)
insert into nauczyciel values(17, 'Krzysztof', 'Nartowicz', 'knartowicz@em.pl', '501642879', 5)


insert into przedmiot values(1, 'j.polski')
insert into przedmiot values(2, 'j.angielski')
insert into przedmiot values(3, 'j.niemiecki')
insert into przedmiot values(4, 'j.francuski')
insert into przedmiot values(5, 'matematyka')
insert into przedmiot values(6, 'fizyka')
insert into przedmiot values(7, 'chemia')
insert into przedmiot values(8, 'historia')
insert into przedmiot values(9, 'wiedza o spo³eczeñstwie')
insert into przedmiot values(10, 'geografia')
insert into przedmiot values(11, 'biologia')
insert into przedmiot values(12, 'wf')
insert into przedmiot values(13, 'religia')
insert into przedmiot values(14, 'technlogia informacyjna')


insert into uczniowie values(1, 'Oskar', 'Bacewicz', '1990-10-08', 'ul.Górna 5/8', '609027861', 1)
insert into uczniowie values(2, 'Maciej', 'Balcer', '1990-07-29', 'ul.Mêgiewska 7/24', '609202048', 1)
insert into uczniowie values(3, 'Laura', 'Chanc', '1990-04-07', 'ul.W.Orkana 1/11', '602838625', 1)
insert into uczniowie values(4, 'Karol', 'Dynilewicz', '1990-07-09', 'ul.G³êboka 16/10', '608940740', 1)
insert into uczniowie values(5, 'Wiktoria', 'Filipowicz', '1990-04-11', 'ul.Wilcza 2/20', '601181294', 1)
insert into uczniowie values(6, 'Szymon', 'Harczuñski', '1990-05-08', 'ul.Prosta 8/5', '608282189', 1)
insert into uczniowie values(7, 'Ma³gorzata', 'Jab³oñska', '1990-05-16', 'ul.Snopkowa 2/26', '601402857', 1)
insert into uczniowie values(8, 'Oliwier', 'Jachymowski', '1990-08-23', 'ul.Do¿ynkowa 47/9', '502169033', 1)
insert into uczniowie values(9, 'Karolina', 'Jackiewicz', '1990-06-20', 'ul.Pogodna 5/1', '603764892', 1)
insert into uczniowie values(10, 'Marta', 'Kalacz', '1990-07-11', 'ul.S³awnikowska 23/1', '607823623', 1)
insert into uczniowie values(11, 'Hubert', 'Mackiewicz', '1990-11-05', 'ul.Na³êczowska 3/6', '602200177', 1)
insert into uczniowie values(12, 'Natalia', 'Oleszkiewicz', '1990-01-13', 'ul.Wojciechowska 9/20', '606345301', 1)
insert into uczniowie values(13, 'Dawid', 'Paciuka', '1990-09-14', 'ul.Rumiankowa 9/19', '507186917', 1)
insert into uczniowie values(14, 'Jan', 'Radziwicz', '1990-09-14', 'ul.Gliniana 6/30', '602911731', 1)
insert into uczniowie values(15, 'Wiktor', 'Rakuza', '1990-01-09', 'ul.Jutrzenki 1/11', '607355808', 1)
insert into uczniowie values(16, 'Nikola', 'Takowska', '1990-06-20', 'ul.Rumiankowa 2/2', '506934641', 1)
insert into uczniowie values(17, 'Adrian', 'Tarasiewicz', '1990-08-18', 'ul.Che³mska 10/9', '607542352', 1)
insert into uczniowie values(18, 'Mateusz', 'Walentynowicz', '1990-08-13', 'ul.Strumykowa 4/10', '607341913', 1)
insert into uczniowie values(19, '£ukasz', 'Zacharewicz', '1990-03-22', 'ul.Pogodna 5/1', '600969717', 1)

insert into uczniowie values(20, 'Martyna', 'Aciukiewicz', '1990-08-25', 'ul.Strumykowa 5/7', '606480091', 2)
insert into uczniowie values(21, 'Amelia', 'Chodkiewicz', '1990-11-22', 'ul.Gliniana 6/21', '607246577', 2)
insert into uczniowie values(22, 'Nina', 'Chodkiewicz', '1990-11-22', 'ul.Gliniana 6/21', '607246577', 2)
insert into uczniowie values(23, 'Oliwia', 'Lerka', '1990-01-03', 'ul.Jastrzêbia 9/6', '605733146', 2)
insert into uczniowie values(24, 'Stanis³aw', 'Frankiewicz', '1990-11-07', 'ul.Krzemieniecka 3/13', '608574445', 2)
insert into uczniowie values(25, 'Sebastian', 'Ignaczak', '1990-02-27', 'ul.Wiejska 6/17', '601656755', 2)
insert into uczniowie values(26, 'Joanna', 'Kadasz', '1990-05-29', 'ul.Na³êczowska 9/19', '603861866', 2)
insert into uczniowie values(27, 'Konrad', 'Kalitowicz', '1990-03-24', 'ul.Niepodleg³oœci 1/16', '504493416', 2)
insert into uczniowie values(28, 'Paulina', 'Lutwin', '1990-10-19', 'ul.Diamentowa 2/8', '509562615', 2)
insert into uczniowie values(29, 'Micha³', 'Machniewicz', '1990-06-05', 'ul.Paderewskiego 5/22', '607899616', 2)
insert into uczniowie values(30, 'Maja', 'Nachiewicz', '1990-11-12', 'ul.Niepodleg³oœci 1/15', '', 2)
insert into uczniowie values(31, 'Anna', 'Olejnik', '1990-10-19', 'ul.Jastrzêbia 1/25', '506626432', 2)
insert into uczniowie values(32, 'Sylwia', 'Pabian', '1990-04-30', 'ul.Nasturcjowa 9/14', '602112500', 2)
insert into uczniowie values(33, 'Piotr', 'Podgórski', '1990-11-23', 'ul.Jod³owa 4/27', '601940590', 2)
insert into uczniowie values(34, 'Antoni', 'Radziewicz', '1990-01-20', 'ul.Janowska 6/5', '504691796', 2)
insert into uczniowie values(35, 'Ewelina', 'Taczko', '1990-05-02', 'ul.Gliniana 8/12', '660366768', 2)
insert into uczniowie values(36, 'Pawe³', 'Tambak', '1990-07-26', 'ul.Snopkowa 8/8', '501714439', 2)
insert into uczniowie values(37, 'Iwona', 'Wagowska', '1990-12-17', 'ul.Janowska', '609427178', 2)
insert into uczniowie values(38, 'Adrianna', 'Walicka', '1990-02-10', 'ul.Cyprysowa 7/3', '506801292', 2)
insert into uczniowie values(39, 'Bartosz', 'Zachariasz', '1990-03-11', 'ul.Prosta 2/8', '502289645', 2)
insert into uczniowie values(40, 'Barbara', '¯elazna', '1990-09-05', 'ul.Nasturcjowa 7/16', '606640359', 2)

insert into uczniowie values(41, 'Artur', 'Bagiñski', '1991-10-05', 'ul.Górna 6/6', '604910954', 3)
insert into uczniowie values(42, 'Wojciech', 'Baker', '1991-11-18', 'ul.Cyprusowa 7/10', '607401443', 3)
insert into uczniowie values(43, 'Daniam', 'Danilewicz', '1991-01-14', 'ul.Beskidzka 6/4', '506634600', 3)
insert into uczniowie values(44, 'Izabela', 'Elb', '1991-04-01', 'ul.Jurzenki 2/7', '503405076', 3)
insert into uczniowie values(45, 'Aleksander', 'Fiszer', '1991-03-23', 'ul.Wilcza 5/5', '601640043', 3)
insert into uczniowie values(46, 'Adam', 'Holeman', '1991-10-24', 'ul.Wojciechowska 7/8', '606396507', 3)
insert into uczniowie values(47, 'Franciszek', 'Izbicki', '1991-07-03', 'ul.Nasturcjowa 8/30', '604732688', 3)
insert into uczniowie values(48, 'Michalina', 'Jadzwiñska', '1991-12-22', 'ul.Cyprusowa 1/26', '604878355', 3)
insert into uczniowie values(49, 'Mi³osz', 'Jagnoka', '1991-04-28', 'ul.Wiliowa 5/2', '502515467', 3)
insert into uczniowie values(50, 'Mateusz', 'Kaicki', '1991-06-07', 'ul.Niepodleg³oœci 1/2', '600837417', 3)
insert into uczniowie values(51, 'Grzegorz', 'Kurek', '1991-02-19', 'ul.Kameralna 9/20', '505775010', 3)
insert into uczniowie values(52, 'Piotr', 'Lejbowicz', '1991-10-06', 'ul.Wo³yñska 5/26', '504976503', 3)
insert into uczniowie values(53, 'Patrycja', 'Padzio', '1991-02-20', 'ul.G³êboka 7/17', '508872243', 3)
insert into uczniowie values(54, 'Magdalena', 'Paw³owicz', '1991-08-13', 'ul.Janowska 1/15', '600866521', 3)
insert into uczniowie values(55, 'Ilona', 'Rackiewicz', '1991-07-09', 'ul.Kresowa 7/21', '509702771', 3)
insert into uczniowie values(56, 'Aleksandra', 'Radomski', '1991-08-18', 'ul.Na³êczowska 7/5', '603272126', 3)
insert into uczniowie values(57, 'Krzysztof', 'Sacki', '1991-03-06', 'ul.Wiejska 9/10', '607585942', 3)
insert into uczniowie values(58, 'Maria', 'Tabin', '1991-09-17', 'ul.Janowska 4/5', '607794776', 3)

insert into uczniowie values(59, 'Krystian', 'Abramowski', '1989-05-13', 'ul.Wyzwolenia 2/19', '506124597', 4)
insert into uczniowie values(60, 'Sylwia', 'Agustanowicz', '1989-10-25', 'ul.Warszawska 4/2', '508902335', 4)
insert into uczniowie values(61, 'Daria', 'Bêbnowska', '1989-12-05', 'ul.Ogrodowa 1/14', '502906646', 4)
insert into uczniowie values(62, 'Zofia', 'Ceglarski', '1989-06-02', 'ul.Strumykowa 5/10', '607320525', 4)
insert into uczniowie values(63, 'Maria', 'Danowska', '1989-01-30', 'ul.Jod³owa 1/1', '604111148', 4)
insert into uczniowie values(64, 'Dominika', 'Filipowicz', '1989-11-20', 'ul.Diamentowa 2/29', '502277286', 4)
insert into uczniowie values(65, 'Aldona', 'Fronkiewicz', '1989-05-24', 'ul.Krakowska 1/4', '608100723', 4)
insert into uczniowie values(66, 'Marcin', 'Gajewski', '1989-08-31', 'ul.Górna 8/12', '604530699', 4)
insert into uczniowie values(67, 'Marcelina', 'Jadaszko', '1989-07-21', 'ul.Nasturcjowa 8/6', '605466146', 4)
insert into uczniowie values(68, 'Szczepan', 'Jaggie³o', '1989-06-01', 'ul.Che³mska 7/28', '506366798', 4)
insert into uczniowie values(69, 'Justyna', 'Kaczorowska', '1989-10-07', 'ul.Wiejska 4/35', '602089720', 4)
insert into uczniowie values(70, 'Ma³gorzata', 'Kaicka', '1989-11-18', 'ul.Janowska 1/25', '603954397', 4)
insert into uczniowie values(71, 'Anna', 'Lafajet', '1989-08-06', 'ul.Niepodleg³oœci 6/17', '507822138', 4)
insert into uczniowie values(72, 'Kinga', 'Nachiewicz', '1989-03-27', 'ul.Wo³yñska 7/24', '605428306', 4)
insert into uczniowie values(73, 'Hanna', 'Olech', '1989-06-12', 'ul.Ogodowa 7/6', '604121849', 4)
insert into uczniowie values(74, 'Adrian', 'Pakowski', '1989-04-01', 'ul.Cyprysowa 5/12', '504619341', 4)
insert into uczniowie values(75, '£ucja', 'Paropiec', '1989-12-15', 'ul.Wiejska 5/10', '600409798', 4)
insert into uczniowie values(76, 'Alicja', 'Tyran', '1989-04-26', 'ul.Kameralna 9/19', '609243670', 4)
insert into uczniowie values(77, 'Bart³omiej', 'Zajankowski', '1989-10-03', 'ul.Wilcza 4/11', '602516358', 4)

insert into uczniowie values(78, 'Hanna', 'Adamska', '1988-07-03', 'ul.Snopkowa 2/20', '506124597', 5)
insert into uczniowie values(79, 'Maciej', 'Dancewicz', '1988-11-24', 'ul.Krzemieniecka 1/2', '508902335', 5)
insert into uczniowie values(80, 'Hubert', 'Filipowicz', '1988-05-27', 'ul.Janowska 2/30', '607320525', 5)
insert into uczniowie values(81, 'Jan', 'Galik', '1988-07-18', 'ul.Prosta 7/18', '502127786', 5)
insert into uczniowie values(82, 'Gabriela', 'Ga³kowski', '1988-12-18', 'ul.Kresowa 9/25', '608100723', 5)
insert into uczniowie values(83, 'Igor', 'Iwaowski', '1988-02-26', 'ul.W. Orkana 9/7', '604530699', 5)
insert into uczniowie values(84, 'Krystian', 'Jab³oñski', '1988-09-28', 'ul.Cyprysowa 6/29', '608648562', 5)
insert into uczniowie values(85, 'Agata', 'Jag³owska', '1988-03-16', 'ul.Beskidzka 8/27', '605466154', 5)
insert into uczniowie values(86, 'Piotr', 'Kalacz', '1988-01-09', 'ul.Prosta 6/3', '602089720', 5)
insert into uczniowie values(87, 'Bart³omiej', 'Lamachowski', '1988-06-17', 'ul.Janowska 1/11', '603954397', 5)
insert into uczniowie values(88, 'Mateusz', 'Lauryn', '1988-10-18', 'ul.Krzemieniecka 5/23', '507822138', 5)
insert into uczniowie values(89, 'Sandra', 'Machacka', '1988-12-25', 'ul.Rumiankowa 3/15', '605428306', 5)
insert into uczniowie values(90, 'Pawe³', 'Macian', '1988-06-02', 'ul.Wiejska 8/19', '504121849', 5)
insert into uczniowie values(91, 'Ignacy', 'Namietko', '1988-10-21', 'ul.Jutrzenki 7/7', '502301867', 5)
insert into uczniowie values(92, 'Wiktor', 'Okowicz', '1988-01-04', 'ul.Wyzwolenia 1/15', '602352749', 5)
insert into uczniowie values(93, 'Alicja', 'Pacenek', '1988-06-02', 'ul.Janowska 7/21', '600409748', 5)
insert into uczniowie values(94, 'Dawid', 'Pacuch', '1988-11-06', 'ul.Rumiankowa 4/4', '609243670', 5)
insert into uczniowie values(95, 'Agnieszka', 'Rajska', '1988-07-03', 'ul.Che³mska 7/12', '607831690', 5)
insert into uczniowie values(96, 'Wojciech', 'Sabal', '1988-08-18', 'ul.Niepodleg³oœci 8/7', '605401655', 5)
insert into uczniowie values(97, '£ukasz', 'Sa³ata', '1988-05-10', 'ul.Ogrodowa 2/3', '609062076', 5)
insert into uczniowie values(98, 'Krzysztof', 'Tarlecki', '1988-09-19', 'ul.Krakowska 9/3', '600476801', 5)
insert into uczniowie values(99, 'Filip', 'Zadrowski', '1988-08-17', 'ul.Warszawska 20/2', '505646238', 5)

insert into uczniowie values(100, 'Milena', 'Adamowicz', '1988-01-28', 'ul.G³êboka 9/20', '606182742', 6)
insert into uczniowie values(101, 'Robert', 'Babiñski', '1988-12-16', 'ul.Krzemieniecka 7/4', '503848711', 6)
insert into uczniowie values(102, 'Dorota', 'Bajkowska', '1988-06-17', 'ul.Janowska 6/3', '604269808', 6)
insert into uczniowie values(103, 'Edyta', 'Chmara', '1988-10-12', 'ul.G³êboka 2/11', '609343834', 6)
insert into uczniowie values(104, 'Aleksandra', 'Gabia', '1988-08-23', 'ul.Krakowska 7/4', '608258816', 6)
insert into uczniowie values(105, 'Beata', 'Ignaczak', '1988-04-17', 'ul.Ogrodowa 1/26', '509462852', 6)
insert into uczniowie values(106, 'Patrycja', 'Kaczan', '1988-06-26', 'ul.Jutrzenki 2/14', '602836975', 6)
insert into uczniowie values(107, 'Monika', 'Kaleta', '1988-10-20', 'ul.Warszawska 7/9', '607172828', 6)
insert into uczniowie values(108, 'Ewa', 'Latowska', '1988-03-17', 'ul.Diamentowa 4/16', '505531361', 6)
insert into uczniowie values(109, 'Tomasz', 'Nadolny', '1988-12-02', 'ul.Snopkowa 7/9', '609503848', 6)
insert into uczniowie values(110, 'Micha³', 'Napolski', '1988-08-29', 'ul.Kresowa 5/15', '608919796', 6)
insert into uczniowie values(111, 'Joanna', 'Olszewska', '1988-04-04', 'ul.Janowska 5/16', '600676596', 6)
insert into uczniowie values(112, 'Andrzej', 'Sakowski', '1988-03-18', 'ul.W. Orkana 3/8', '606864737', 6)
insert into uczniowie values(113, 'Adam', 'Tarnowski', '1988-07-22', 'ul.Niepodleg³oœci 6/16', '504616118', 6)
insert into uczniowie values(114, 'Justyna', 'Uminowicz', '1988-02-14', 'ul.Warszawska 3/8', '505038627', 6)
insert into uczniowie values(115, 'Weronika', 'Wala', '1988-05-03', 'ul.Krakowska 8/1', '608851219', 6)
insert into uczniowie values(116, 'Katarzyna', 'Walenta', '1988-10-11', 'ul.Ogrodowa 3/4', '607542352', 6)
insert into uczniowie values(117, 'Karol', 'Zalewski', '1988-07-09', 'ul.Prosta 7/5', '609566846', 6)
